{
  "registration": {
    "id": "bahmni.registration",
    "extensionPointId": "org.bahmni.home.dashboard",
    "type": "link",
    "translationKey": "MODULE_LABEL_REGISTRATION_KEY",
    "url": "../registration/index.html",
    "icon": "fa-user",
    "order": 1,
    "requiredPrivilege": "app:registration"
  },
  
  "clinical": {
    "id": "bahmni.clinical",
    "extensionPointId": "org.bahmni.home.dashboard",
    "type": "link",
    "translationKey": "MODULE_LABEL_CLINICAL_KEY",
    "url": "../clinical/index.html#/default/patient/search",
    "icon": "fa-stethoscope",
    "order": 3,
    "requiredPrivilege": "app:clinical"
  },
  
  "reports": {
    "id": "bahmni.reports",
    "extensionPointId": "org.bahmni.home.dashboard",
    "type": "link",
    "translationKey": "MODULE_LABEL_REPORTS_KEY",
    "url": "../reports/#/dashboard",
    "icon": "icon-bahmni-reports",
    "order": 8,
    "requiredPrivilege": "app:reports"
  },
  
  "implementerInterface": {
    "id": "bahmni.implementer.interface",
    "extensionPointId": "org.bahmni.home.dashboard",
    "type": "link",
    "translationKey": "MODULE_LABEL_IMPLEMENTER_INTERFACE_KEY",
    "url": "/implementer-interface",
    "icon": "fa fa-pencil-square-o",
    "order": 12,
    "requiredPrivilege": "app:implementer-interface"
  },
  "atomfeedConsole": {
    "id": "bahmni.atomfeed.console",
    "extensionPointId": "org.bahmni.home.dashboard",
    "type": "link",
    "translationKey": "MODULE_LABEL_ATOMFEED_CONSOLE_KEY",
    "url": "/atomfeed-console",
    "icon": "fa fa-terminal",
    "order": 13,
    "requiredPrivilege": "app:admin"
  },
  "appointmentScheduling": {
    "id": "bahmni.appointment.scheduling",
    "extensionPointId": "org.bahmni.home.dashboard",
    "type": "link",
    "translationKey": "MODULE_LABEL_APPOINTMENT_SCHEDULING_KEY",
    "url": "../appointments",
    "icon": "fa fa-calendar",
    "order": 14,
    "requiredPrivilege": "app:appointments"
  },
  "ndhmHIU": {
    "id": "bahmni.ndhm.hiu",
    "extensionPointId": "org.bahmni.home.dashboard",
    "type": "link",
    "translationKey": "MODULE_LABEL_NDHMHIU_KEY",
    "url": "https://ndhm-dev.bahmni-covid19.in/hiuser",
    "icon": "fa fa-hospital-o",
    "order": 15,
    "requiredPrivilege": "app:admin"
  }
}
